{
    "value0": {
        "master": 0.6000000238418579,
        "bgm": 0.30000001192092898,
        "se": 0.6000000238418579
    }
}