{
    "value0": {
        "master": 0.699999988079071,
        "bgm": 0.05000000074505806,
        "se": 0.25
    }
}