{
    "value0": {
        "master": 0.25,
        "bgm": 0.05000000074505806,
        "se": 0.3499999940395355
    }
}