{
    "value0": {
        "master": 0.3499999940395355,
        "bgm": 0.25,
        "se": 0.3499999940395355
    }
}