{
    "value0": {
        "master": 0.25,
        "bgm": 0.699999988079071,
        "se": 0.30000001192092898
    }
}