{
    "value0": {
        "master": 0.20000000298023225,
        "bgm": 0.30000001192092898,
        "se": 0.4000000059604645
    }
}